x,y,ra,rb,theta,brightness,blur
405,439,6,14,3.717551306747922,196,2
169,24,22,20,4.590215932745086,225,4
415,218,20,24,2.5132741228718345,57,1
324,446,8,7,1.8151424220741026,134,1
417,255,13,21,1.6231562043547265,236,2
