x,y,ra,rb,theta,brightness,blur
367,259,14,11,5.93411945678072,50,2
313,272,11,10,1.7627825445142729,239,0
86,314,13,14,0.10471975511965977,157,4
98,63,18,8,5.253441048502932,216,0
148,23,9,19,4.4331363000655974,142,2
