x,y,ra,rb,theta,brightness,blur
73,31,10,20,1.9722220547535922,116,2
455,290,22,13,3.01941960595019,228,0
130,44,8,16,4.991641660703782,76,1
113,101,14,19,1.4486232791552935,74,2
326,77,6,15,1.9547687622336491,121,2
