x,y,ra,rb,theta,brightness,blur
170,365,14,20,0.9599310885968813,82,1
216,414,7,20,0.5235987755982988,65,2
359,440,12,23,0.9599310885968813,73,4
146,33,20,13,1.3613568165555772,188,3
410,96,14,9,3.5081117965086026,117,3
