x,y,ra,rb,theta,brightness,blur
351,256,15,12,0.9424777960769379,242,1
443,375,16,24,1.1344640137963142,167,0
