x,y,ra,rb,theta,brightness,blur
82,312,17,10,5.811946409141117,128,0
312,77,6,24,0.13962634015954636,132,1
