x,y,ra,rb,theta,brightness,blur
148,178,12,12,5.113814708343385,186,2
267,44,9,12,4.101523742186674,128,2
