x,y,ra,rb,theta,brightness,blur
300,162,17,18,0.19198621771937624,89,2
345,138,24,11,0.6283185307179586,204,2
