x,y,ra,rb,theta,brightness,blur
420,296,23,16,3.473205211468716,213,5
451,409,6,24,3.839724354387525,199,2
