x,y,ra,rb,theta,brightness,blur
164,266,16,12,1.5533430342749532,62,0
468,454,19,6,5.707226654021458,137,0
329,94,16,7,6.178465552059926,92,1
