x,y,ra,rb,theta,brightness,blur
286,58,15,10,0.08726646259971647,199,1
297,460,22,6,4.171336912266447,220,0
225,203,20,8,4.39822971502571,143,0
