x,y,ra,rb,theta,brightness,blur
44,220,20,16,0.06981317007977318,93,3
125,73,11,22,5.113814708343385,104,3
355,230,16,22,3.2288591161895095,141,2
