x,y,ra,rb,theta,brightness,blur
318,268,17,15,2.443460952792061,228,4
299,413,10,8,4.485496177625427,151,1
58,60,19,23,5.1312680008633285,117,1
