x,y,ra,rb,theta,brightness,blur
51,355,20,15,3.543018381548489,242,0
260,50,22,20,0.6632251157578453,240,3
168,54,7,11,5.567600313861911,182,2
296,259,12,12,3.9968039870670142,83,0
