x,y,ra,rb,theta,brightness,blur
91,30,10,15,5.183627878423159,170,0
81,44,10,20,4.241150082346221,232,3
191,319,20,7,1.0122909661567112,142,2
453,152,12,16,1.5009831567151235,162,3
