x,y,ra,rb,theta,brightness,blur
163,449,22,24,3.7699111843077517,55,1
289,316,6,20,2.408554367752175,137,2
90,247,9,13,1.8849555921538759,192,3
434,358,13,9,4.468042885105484,117,2
