x,y,ra,rb,theta,brightness,blur
83,366,16,13,5.3756140961425345,199,3
22,295,22,24,6.161012259539983,65,1
151,272,19,10,0.5759586531581287,114,0
39,410,15,11,2.897246558310587,173,1
