x,y,ra,rb,theta,brightness,blur
129,20,8,7,2.9321531433504737,99,2
37,460,22,11,3.2637657012293966,179,0
251,439,9,23,2.670353755551324,194,0
417,351,20,15,1.7278759594743864,197,4
