x,y,ra,rb,theta,brightness,blur
52,68,17,9,4.4331363000655974,214,3
183,217,13,13,2.9845130209103035,65,3
226,321,18,18,3.159045946109736,249,5
15,386,15,9,3.1066860685499065,178,0
