x,y,ra,rb,theta,brightness,blur
439,452,6,10,6.283185307179586,216,1
434,393,15,13,4.886921905584122,121,3
77,308,10,19,1.0122909661567112,255,0
189,252,6,22,4.974188368183839,172,1
