x,y,ra,rb,theta,brightness,blur
258,203,20,24,4.241150082346221,64,0
75,273,15,24,6.161012259539983,244,0
355,75,14,11,2.1642082724729685,238,0
348,391,16,17,2.8099800957108707,236,2
75,258,16,24,2.007128639793479,78,4
