x,y,ra,rb,theta,brightness,blur
119,297,10,23,5.288347633542818,154,0
400,157,8,6,2.844886680750757,103,0
190,295,24,15,1.780235837034216,81,5
180,227,16,8,4.171336912266447,171,0
26,318,6,10,5.98647933434055,150,1
