x,y,ra,rb,theta,brightness,blur
428,372,12,21,5.619960191421741,116,0
205,45,7,11,3.001966313430247,64,0
287,58,18,16,1.53588974175501,200,2
238,435,12,15,4.293509959906051,203,0
409,335,16,14,2.251474735072685,101,4
