x,y,ra,rb,theta,brightness,blur
444,455,20,21,2.96705972839036,90,5
236,72,21,8,0.4886921905584123,222,1
319,24,23,9,0.9424777960769379,188,0
71,466,14,8,3.735004599267865,104,0
461,126,7,15,5.846852994181004,214,1
