x,y,ra,rb,theta,brightness,blur
401,72,8,22,0.6108652381980153,107,2
62,450,22,9,4.729842272904633,77,1
115,273,14,24,2.443460952792061,169,0
297,78,18,23,3.9444441095071845,107,6
276,292,6,10,5.410520681182422,83,0
