x,y,ra,rb,theta,brightness,blur
81,196,19,10,6.14355896702004,93,1
377,387,19,16,3.2637657012293966,71,0
