x,y,ra,rb,theta,brightness,blur
230,136,13,20,5.3756140961425345,169,0
344,162,18,22,3.193952531149623,106,2
