x,y,ra,rb,theta,brightness,blur
26,113,13,8,5.288347633542818,88,2
93,414,6,14,1.6231562043547265,86,1
