x,y,ra,rb,theta,brightness,blur
128,333,6,11,2.1467549799530254,208,0
454,126,20,24,5.323254218582705,144,0
