x,y,ra,rb,theta,brightness,blur
400,244,9,18,3.159045946109736,152,0
444,60,18,13,1.605702911834783,205,2
