x,y,ra,rb,theta,brightness,blur
417,188,24,11,4.293509959906051,147,3
306,133,6,15,0.15707963267948966,190,0
