x,y,ra,rb,theta,brightness,blur
309,210,14,6,5.619960191421741,222,2
216,138,22,23,4.886921905584122,174,1
