x,y,ra,rb,theta,brightness,blur
365,131,10,11,1.8500490071139892,215,3
235,366,24,21,2.3387411976724017,149,7
