x,y,ra,rb,theta,brightness,blur
380,44,7,8,4.869468613064179,184,1
382,25,19,24,5.026548245743669,71,4
