x,y,ra,rb,theta,brightness,blur
405,20,12,20,0.7155849933176751,154,3
134,208,16,6,6.003932626860494,95,1
236,356,7,14,2.2689280275926285,160,2
