x,y,ra,rb,theta,brightness,blur
336,281,9,13,0.9773843811168246,112,0
431,446,12,22,3.036872898470133,92,3
163,452,18,7,2.6354471705114375,250,0
