x,y,ra,rb,theta,brightness,blur
161,180,24,6,4.66002910282486,204,1
450,140,15,16,1.7453292519943295,96,5
134,256,16,8,5.288347633542818,55,3
