x,y,ra,rb,theta,brightness,blur
47,277,24,8,4.747295565424576,63,1
284,308,21,24,5.951572749300664,235,5
151,167,17,16,0.5410520681182421,173,5
