x,y,ra,rb,theta,brightness,blur
350,431,21,11,4.1887902047863905,87,2
267,416,11,19,0.7504915783575618,113,2
401,340,14,21,0.9250245035569946,159,1
