x,y,ra,rb,theta,brightness,blur
270,24,11,16,3.001966313430247,183,3
96,135,16,21,2.827433388230814,58,1
429,297,12,16,1.7627825445142729,175,4
