x,y,ra,rb,theta,brightness,blur
298,328,16,16,3.5779249665883754,252,5
440,434,6,7,2.5656340004316642,141,2
469,270,8,15,3.3335788713091694,251,1
