x,y,ra,rb,theta,brightness,blur
316,81,12,7,5.427973973702365,145,1
339,309,7,12,4.4156830075456535,196,2
14,461,8,13,4.380776422505767,217,1
