x,y,ra,rb,theta,brightness,blur
346,468,9,12,2.0245819323134224,165,0
413,428,6,6,2.6354471705114375,176,1
66,368,9,21,1.2740903539558606,94,0
401,422,10,8,0.17453292519943295,72,2
