x,y,ra,rb,theta,brightness,blur
452,265,7,14,4.537856055185257,127,0
100,58,7,16,3.804817769347638,232,0
76,229,7,11,4.852015320544236,72,1
