x,y,ra,rb,theta,brightness,blur
295,326,14,24,4.171336912266447,135,5
296,183,19,12,4.9043751981040655,80,0
169,444,15,13,3.368485456349056,55,1
