x,y,ra,rb,theta,brightness,blur
452,169,23,20,4.747295565424576,122,5
346,154,16,16,4.34586983746588,189,0
137,155,6,10,5.8643062867009474,81,1
101,18,20,7,2.4609142453120048,161,1
