x,y,ra,rb,theta,brightness,blur
335,42,24,13,2.949606435870417,83,3
448,30,8,24,3.3335788713091694,164,1
198,421,9,18,5.305800926062762,118,1
181,384,20,17,5.1312680008633285,203,5
