x,y,ra,rb,theta,brightness,blur
202,214,12,17,0.06981317007977318,146,0
385,196,14,24,1.2042771838760875,151,2
127,396,22,22,0.9250245035569946,86,1
352,92,23,13,3.560471674068432,223,2
