x,y,ra,rb,theta,brightness,blur
464,19,11,16,1.3439035240356336,248,3
220,64,19,17,4.66002910282486,128,3
167,151,16,21,5.567600313861911,220,5
317,440,19,11,5.93411945678072,86,1
