x,y,ra,rb,theta,brightness,blur
306,355,23,6,1.9547687622336491,153,2
199,36,15,24,5.1661745859032155,137,3
313,126,13,15,0.19198621771937624,155,2
331,386,14,6,0.5235987755982988,200,1
