x,y,ra,rb,theta,brightness,blur
151,374,8,24,0.5061454830783556,54,2
412,225,8,7,0.12217304763960307,239,1
201,308,8,12,4.39822971502571,192,0
263,307,17,23,1.5533430342749532,210,0
