x,y,ra,rb,theta,brightness,blur
198,196,15,23,1.3613568165555772,102,2
365,446,19,20,3.4033920413889422,93,5
77,398,23,7,1.0297442586766543,179,2
234,154,16,16,2.3911010752322315,173,1
