x,y,ra,rb,theta,brightness,blur
184,208,7,8,4.485496177625427,76,1
161,127,18,6,5.98647933434055,232,2
345,291,17,16,0.2617993877991494,215,0
390,429,20,16,5.602506898901798,145,4
146,173,21,9,5.77703982410123,74,2
