x,y,ra,rb,theta,brightness,blur
257,225,21,6,1.6231562043547265,156,1
396,346,18,16,6.1086523819801535,155,4
332,198,16,20,4.747295565424576,200,0
34,425,14,18,4.834562028024293,211,3
224,354,21,17,3.560471674068432,83,2
