x,y,ra,rb,theta,brightness,blur
427,162,9,14,3.543018381548489,59,1
262,412,6,24,1.0297442586766543,248,0
358,67,8,23,5.98647933434055,165,0
318,153,21,19,1.3788101090755203,154,4
344,230,6,8,1.4660765716752369,191,0
