x,y,ra,rb,theta,brightness,blur
440,266,17,11,5.567600313861911,74,3
276,330,23,6,5.445427266222309,114,0
254,360,21,23,3.089232776029963,182,4
121,23,20,18,4.1887902047863905,98,6
136,107,22,11,0.22689280275926282,206,0
