x,y,ra,rb,theta,brightness,blur
220,38,22,11,3.735004599267865,92,4
174,236,11,20,2.6878070480712672,147,2
330,275,9,23,0.7504915783575618,118,1
377,77,18,24,4.223696789826278,119,3
237,298,17,10,2.548180707911721,223,3
