x,y,ra,rb,theta,brightness,blur
428,280,10,11,2.1467549799530254,238,0
296,121,13,20,5.253441048502932,54,0
436,100,22,14,2.1816615649929116,125,0
41,44,6,16,4.852015320544236,141,1
416,131,17,20,3.2288591161895095,250,0
