x,y,ra,rb,theta,brightness,blur
358,174,18,19,6.14355896702004,229,1
52,197,6,20,5.550147021341967,130,0
53,32,22,21,1.9373154697137058,135,1
86,27,6,9,3.455751918948773,98,1
301,414,13,20,3.7000980142279785,212,3
