x,y,ra,rb,theta,brightness,blur
96,306,21,18,3.5255650890285457,55,2
328,423,14,11,2.321287905152458,54,3
255,362,23,22,4.9218284906240095,164,7
353,245,22,6,1.0122909661567112,221,1
26,249,21,14,3.036872898470133,236,1
