x,y,ra,rb,theta,brightness,blur
337,63,23,18,1.5184364492350666,157,6
369,282,13,16,0.3839724354387525,169,3
69,114,24,11,4.9043751981040655,201,1
66,225,11,13,0.5585053606381855,204,3
43,251,6,19,4.468042885105484,55,1
