x,y,ra,rb,theta,brightness,blur
393,142,10,17,3.8571776469074686,254,0
293,157,11,16,1.3788101090755203,240,0
301,33,11,21,3.804817769347638,77,3
56,360,23,16,3.6826447217080354,59,3
221,301,6,15,2.9845130209103035,229,2
