x,y,ra,rb,theta,brightness,blur
299,238,13,11,5.061454830783556,186,0
58,204,24,21,2.548180707911721,186,4
449,157,14,12,4.5553093477052,221,0
348,62,8,16,4.363323129985823,172,1
255,446,11,14,3.5255650890285457,128,1
