x,y,ra,rb,theta,brightness,blur
347,63,9,22,3.630284844148205,97,3
66,126,15,22,4.4156830075456535,148,4
127,346,23,21,4.276056667386108,201,3
269,414,19,16,4.153883619746504,181,1
245,145,21,16,3.6128315516282616,246,2
