x,y,ra,rb,theta,brightness,blur
397,322,7,9,3.01941960595019,244,2
64,56,9,8,2.6179938779914944,233,2
236,344,18,18,4.153883619746504,93,5
99,33,23,22,5.288347633542818,185,6
363,142,21,17,3.5081117965086026,182,5
