x,y,ra,rb,theta,brightness,blur
270,137,13,23,2.4609142453120048,125,5
315,63,10,14,1.6231562043547265,182,2
464,436,11,8,0.05235987755982988,181,0
233,73,19,18,0.4363323129985824,254,4
269,257,21,13,3.2986722862692828,162,3
