x,y,ra,rb,theta,brightness,blur
72,195,8,10,4.50294947014537,91,1
204,143,17,23,0.3839724354387525,210,1
82,122,8,7,2.670353755551324,145,1
428,318,11,18,4.118977034706617,55,0
24,124,23,7,5.497787143782138,90,0
