x,y,ra,rb,theta,brightness,blur
141,67,8,19,2.356194490192345,90,1
102,247,16,21,3.5081117965086026,141,3
411,425,6,20,5.288347633542818,170,1
224,272,13,16,4.869468613064179,207,4
