x,y,ra,rb,theta,brightness,blur
384,219,21,15,1.2217304763960306,200,1
379,223,10,11,1.2217304763960306,155,3
385,121,18,20,2.1816615649929116,168,3
12,24,11,21,0.3490658503988659,174,3
253,447,9,11,4.206243497306334,140,0
