x,y,ra,rb,theta,brightness,blur
290,395,23,8,2.426007660272118,86,3
202,343,21,17,4.153883619746504,176,5
385,95,22,11,3.368485456349056,208,0
249,184,7,19,2.234021442552742,51,0
37,233,19,23,2.199114857512855,171,4
