x,y,ra,rb,theta,brightness,blur
60,379,19,23,0.5235987755982988,146,4
147,307,19,21,0.2617993877991494,154,0
427,370,10,13,0.593411945678072,82,0
189,341,14,9,5.462880558742252,55,3
282,21,20,9,1.9198621771937625,130,2
