x,y,ra,rb,theta,brightness,blur
54,195,11,23,5.846852994181004,184,2
284,368,8,12,5.358160803622591,155,0
432,277,16,6,1.3089969389957472,178,1
269,58,6,14,0.9250245035569946,148,2
101,46,12,8,1.2915436464758039,92,1
