x,y,ra,rb,theta,brightness,blur
108,305,24,9,4.9218284906240095,60,0
141,377,7,20,2.5132741228718345,188,0
100,431,18,15,6.230825429619757,63,2
436,391,10,24,5.6374134839416845,77,0
229,440,10,17,5.1661745859032155,153,2
