x,y,ra,rb,theta,brightness,blur
26,310,6,19,5.93411945678072,73,2
36,439,18,19,5.009094953223726,161,6
225,441,17,18,3.490658503988659,217,0
271,390,16,23,3.543018381548489,92,5
224,126,19,12,2.495820830351891,134,3
