x,y,ra,rb,theta,brightness,blur
249,228,24,16,5.201081170943102,94,5
191,152,22,11,0.5235987755982988,112,3
306,50,11,8,6.213372137099813,123,0
168,288,18,23,0.8726646259971648,154,2
411,437,21,12,5.393067388662478,238,1
