x,y,ra,rb,theta,brightness,blur
444,135,7,10,1.5009831567151235,149,1
114,246,7,13,0.7155849933176751,125,2
109,220,22,12,3.5953782591083185,222,0
90,8,8,7,4.991641660703782,208,1
377,369,10,8,6.126105674500097,229,0
