x,y,ra,rb,theta,brightness,blur
219,75,24,14,1.117010721276371,221,0
204,273,17,12,0.6806784082777886,60,0
451,402,15,23,0.9948376736367678,242,3
197,91,20,12,2.129301687433082,51,2
131,383,24,16,0.05235987755982988,146,0
