x,y,ra,rb,theta,brightness,blur
421,322,19,13,3.8222710618675815,221,0
114,358,6,23,2.9321531433504737,111,1
449,104,18,23,3.4033920413889422,54,1
397,432,19,12,1.5707963267948966,186,4
316,24,9,12,5.183627878423159,95,2
