x,y,ra,rb,theta,brightness,blur
305,136,15,22,5.410520681182422,252,0
26,248,9,10,3.246312408709453,201,0
