x,y,ra,rb,theta,brightness,blur
270,190,9,22,6.09119908946021,98,2
83,414,8,23,1.9722220547535922,141,1
