x,y,ra,rb,theta,brightness,blur
50,451,19,8,3.5255650890285457,94,0
193,225,6,20,3.979350694547071,93,2
