x,y,ra,rb,theta,brightness,blur
239,220,19,11,3.490658503988659,248,3
307,328,21,11,5.707226654021458,200,3
