x,y,ra,rb,theta,brightness,blur
402,247,24,23,5.1661745859032155,86,1
132,116,9,15,0.296705972839036,142,1
