x,y,ra,rb,theta,brightness,blur
234,394,16,22,4.974188368183839,181,3
263,99,14,19,4.852015320544236,67,3
