x,y,ra,rb,theta,brightness,blur
448,397,15,10,4.9218284906240095,214,0
340,167,6,13,3.368485456349056,134,1
