x,y,ra,rb,theta,brightness,blur
16,433,9,12,3.647738136668149,162,2
51,399,19,20,3.1764992386296798,172,4
