x,y,ra,rb,theta,brightness,blur
273,44,11,20,2.234021442552742,248,2
64,455,21,8,1.239183768915974,207,2
