x,y,ra,rb,theta,brightness,blur
124,434,12,10,6.003932626860494,221,3
319,284,22,21,5.515240436302081,236,2
