x,y,ra,rb,theta,brightness,blur
291,121,9,12,1.0297442586766543,66,0
156,202,6,13,6.021385919380437,242,2
