x,y,ra,rb,theta,brightness,blur
383,209,7,23,0.3141592653589793,91,0
282,211,7,20,6.178465552059926,108,0
