x,y,ra,rb,theta,brightness,blur
186,75,15,8,5.951572749300664,102,2
358,60,19,13,0.08726646259971647,64,1
