x,y,ra,rb,theta,brightness,blur
48,343,13,16,5.288347633542818,71,2
76,360,16,14,1.1693705988362009,217,4
