x,y,ra,rb,theta,brightness,blur
292,254,15,6,1.9373154697137058,243,2
142,459,6,19,4.5553093477052,163,2
