x,y,ra,rb,theta,brightness,blur
149,181,8,16,3.961897402027128,69,3
438,228,13,19,1.2042771838760875,184,2
