x,y,ra,rb,theta,brightness,blur
342,238,8,24,1.1693705988362009,162,2
285,233,13,20,3.3335788713091694,101,0
