x,y,ra,rb,theta,brightness,blur
14,135,7,19,4.031710572106902,156,2
152,39,8,16,2.9321531433504737,230,0
