x,y,ra,rb,theta,brightness,blur
7,153,23,6,4.153883619746504,191,2
391,38,24,14,4.241150082346221,222,0
