x,y,ra,rb,theta,brightness,blur
191,442,21,24,5.532693728822024,79,7
303,210,14,24,6.126105674500097,77,4
