x,y,ra,rb,theta,brightness,blur
66,298,21,15,1.3264502315156905,187,3
314,77,24,17,0.08726646259971647,173,0
