x,y,ra,rb,theta,brightness,blur
130,38,12,18,0.7330382858376184,131,3
324,81,7,14,2.3038346126325147,74,0
