x,y,ra,rb,theta,brightness,blur
393,276,18,12,2.600540585471551,228,4
347,247,24,13,0.6806784082777886,160,2
