x,y,ra,rb,theta,brightness,blur
342,356,15,17,4.223696789826278,131,5
230,33,14,7,3.717551306747922,183,0
