x,y,ra,rb,theta,brightness,blur
87,345,15,6,2.844886680750757,181,2
44,380,17,18,2.2863813201125716,242,4
168,91,7,15,3.455751918948773,72,2
