x,y,ra,rb,theta,brightness,blur
466,267,9,7,0.8377580409572781,165,1
44,347,18,22,1.3613568165555772,211,0
174,385,16,15,5.8817595792208905,237,3
