x,y,ra,rb,theta,brightness,blur
428,434,20,19,0.3141592653589793,251,0
185,258,21,24,3.455751918948773,81,3
53,413,6,21,0.2792526803190927,54,2
