x,y,ra,rb,theta,brightness,blur
149,95,9,15,6.161012259539983,110,2
319,98,6,16,1.2217304763960306,122,0
33,354,7,6,1.0821041362364843,232,0
