x,y,ra,rb,theta,brightness,blur
42,308,15,19,0.5061454830783556,91,5
224,66,19,14,3.735004599267865,87,0
30,135,17,7,2.251474735072685,174,2
