x,y,ra,rb,theta,brightness,blur
62,251,11,9,2.4609142453120048,53,3
423,150,19,11,5.340707511102648,69,3
