x,y,ra,rb,theta,brightness,blur
69,333,14,14,2.0245819323134224,96,1
73,170,13,24,0.8203047484373349,100,3
208,86,18,14,2.2863813201125716,230,5
