x,y,ra,rb,theta,brightness,blur
280,307,15,22,3.752457891787808,114,5
313,16,13,15,3.5081117965086026,113,1
71,358,9,21,0.41887902047863906,89,2
