x,y,ra,rb,theta,brightness,blur
399,268,14,23,5.619960191421741,198,3
127,451,22,14,4.9043751981040655,198,0
190,64,9,23,3.5255650890285457,223,2
