x,y,ra,rb,theta,brightness,blur
101,305,6,17,2.7227136331111543,251,2
136,387,12,23,5.77703982410123,67,2
195,360,22,18,6.178465552059926,146,1
