x,y,ra,rb,theta,brightness,blur
440,113,19,8,5.969026041820607,192,0
193,118,11,14,3.159045946109736,50,3
129,458,14,23,0.17453292519943295,56,4
