x,y,ra,rb,theta,brightness,blur
168,109,16,7,6.14355896702004,225,2
351,252,20,10,1.3264502315156905,98,0
32,53,10,15,1.3264502315156905,160,0
