x,y,ra,rb,theta,brightness,blur
358,156,20,21,2.2165681500327987,125,0
399,418,15,19,5.724679946541401,162,0
231,79,17,14,0.5759586531581287,191,1
