x,y,ra,rb,theta,brightness,blur
137,161,11,15,4.468042885105484,87,3
68,411,11,20,3.787364476827695,76,0
392,25,19,11,2.8099800957108707,242,1
