x,y,ra,rb,theta,brightness,blur
221,161,15,15,0.17453292519943295,151,3
441,127,7,10,3.2812189937493397,164,2
18,202,16,18,2.007128639793479,69,1
