x,y,ra,rb,theta,brightness,blur
346,80,17,12,3.8222710618675815,138,0
434,242,10,9,4.276056667386108,201,1
342,207,10,15,4.5553093477052,107,2
