x,y,ra,rb,theta,brightness,blur
405,185,13,11,1.1344640137963142,91,2
331,295,13,20,0.8726646259971648,191,4
272,430,12,24,1.413716694115407,149,1
