x,y,ra,rb,theta,brightness,blur
204,217,15,17,5.358160803622591,159,5
236,428,20,12,4.607669225265029,185,3
141,263,9,10,2.827433388230814,118,1
