x,y,ra,rb,theta,brightness,blur
356,453,21,9,2.1467549799530254,91,1
132,224,13,23,4.782202150464463,67,3
69,451,10,22,5.3756140961425345,106,3
