x,y,ra,rb,theta,brightness,blur
66,96,10,14,2.251474735072685,158,0
331,252,9,19,2.129301687433082,53,0
16,121,9,6,0.15707963267948966,162,1
