x,y,ra,rb,theta,brightness,blur
397,186,8,22,0.08726646259971647,87,2
410,248,18,18,3.647738136668149,206,4
278,395,14,16,4.590215932745086,97,2
141,141,24,23,4.852015320544236,142,2
