x,y,ra,rb,theta,brightness,blur
14,21,23,10,5.3756140961425345,181,4
26,291,7,18,0.6632251157578453,52,0
364,427,16,20,1.0995574287564276,135,1
