x,y,ra,rb,theta,brightness,blur
307,331,9,12,0.6108652381980153,112,0
150,257,9,14,1.605702911834783,87,3
94,71,17,24,5.1661745859032155,207,4
338,414,19,7,3.5953782591083185,85,0
