x,y,ra,rb,theta,brightness,blur
289,62,23,17,4.50294947014537,227,5
290,430,8,19,3.211405823669566,226,0
401,271,12,7,1.780235837034216,122,1
312,347,11,22,2.356194490192345,79,2
