x,y,ra,rb,theta,brightness,blur
468,62,11,7,2.426007660272118,54,0
229,455,9,10,2.2165681500327987,123,0
24,463,6,7,3.2812189937493397,77,1
