x,y,ra,rb,theta,brightness,blur
464,410,13,7,2.548180707911721,117,1
70,316,17,10,3.9444441095071845,157,1
254,243,12,7,3.368485456349056,151,2
246,142,10,18,2.478367537831948,115,1
