x,y,ra,rb,theta,brightness,blur
223,12,14,11,3.368485456349056,230,3
356,127,14,17,5.148721293383272,147,0
104,31,16,10,5.340707511102648,254,0
