x,y,ra,rb,theta,brightness,blur
88,235,6,24,3.4033920413889422,201,0
82,111,15,23,2.670353755551324,116,1
129,208,11,16,5.899212871740834,118,2
