x,y,ra,rb,theta,brightness,blur
458,430,10,11,3.9095375244672983,65,3
252,426,23,20,5.77703982410123,253,2
272,36,13,7,2.408554367752175,238,1
