x,y,ra,rb,theta,brightness,blur
60,188,24,9,5.846852994181004,133,0
316,436,21,19,4.642575810304916,227,2
434,175,21,20,5.724679946541401,53,1
