x,y,ra,rb,theta,brightness,blur
377,373,19,8,3.159045946109736,191,2
226,431,15,8,3.089232776029963,192,2
217,61,15,16,2.426007660272118,186,2
340,222,24,24,0.6457718232379019,71,8
