x,y,ra,rb,theta,brightness,blur
352,173,14,9,6.178465552059926,252,1
107,37,16,19,4.258603374866164,162,0
59,360,14,9,2.408554367752175,236,1
328,51,24,15,1.8325957145940461,201,1
