x,y,ra,rb,theta,brightness,blur
439,195,20,7,3.4382986264288293,217,2
14,366,7,20,0.4363323129985824,254,1
370,433,15,13,4.4331363000655974,59,4
298,111,17,13,5.899212871740834,194,2
