x,y,ra,rb,theta,brightness,blur
122,251,6,6,2.9321531433504737,128,0
280,359,16,19,3.12413936106985,153,2
215,195,24,13,4.276056667386108,214,4
18,182,14,8,1.9373154697137058,156,2
