x,y,ra,rb,theta,brightness,blur
367,440,12,8,1.3962634015954636,224,2
202,124,11,23,3.979350694547071,144,3
201,92,18,8,0.8203047484373349,173,1
152,143,20,23,3.2812189937493397,150,0
