x,y,ra,rb,theta,brightness,blur
425,295,6,22,0.20943951023931953,197,2
8,349,21,6,1.4311699866353502,50,2
327,304,7,12,0.3141592653589793,51,1
283,106,11,19,6.2482787221397,150,1
