x,y,ra,rb,theta,brightness,blur
157,423,11,7,4.380776422505767,233,0
447,187,22,6,0.4363323129985824,162,0
333,454,18,23,6.265732014659643,117,4
167,327,8,12,2.3387411976724017,204,3
