x,y,ra,rb,theta,brightness,blur
231,310,22,21,4.39822971502571,156,1
405,51,9,18,0.15707963267948966,88,2
185,429,15,9,3.490658503988659,241,0
281,414,6,23,1.605702911834783,183,2
