x,y,ra,rb,theta,brightness,blur
379,162,17,10,0.03490658503988659,131,3
258,285,19,17,4.031710572106902,234,2
389,230,19,19,3.1066860685499065,169,3
397,269,23,18,0.17453292519943295,143,2
