x,y,ra,rb,theta,brightness,blur
33,276,21,12,6.161012259539983,117,2
104,238,23,8,3.368485456349056,173,2
85,336,18,18,3.8746309394274117,248,6
67,456,23,24,4.6774823953448035,52,0
