x,y,ra,rb,theta,brightness,blur
114,139,13,17,2.600540585471551,97,0
244,456,23,17,3.455751918948773,95,4
436,60,19,11,5.044001538263612,192,2
84,344,15,21,1.48352986419518,108,4
