x,y,ra,rb,theta,brightness,blur
254,438,15,6,2.6179938779914944,156,0
379,372,20,12,2.8797932657906435,67,2
457,272,17,15,0.5061454830783556,232,2
31,327,15,10,1.413716694115407,149,2
