x,y,ra,rb,theta,brightness,blur
101,282,20,7,0.7853981633974483,252,3
226,265,21,16,2.8099800957108707,69,2
210,286,15,20,3.752457891787808,175,3
323,358,9,11,1.780235837034216,167,3
