x,y,ra,rb,theta,brightness,blur
339,161,10,13,3.630284844148205,83,0
175,373,13,21,6.1086523819801535,99,4
386,119,16,6,1.064650843716541,170,0
72,167,22,7,4.694935687864747,58,1
