x,y,ra,rb,theta,brightness,blur
186,327,8,19,4.328416544945937,228,1
325,171,21,18,2.600540585471551,155,6
100,188,21,12,3.4382986264288293,73,4
26,49,16,14,2.6878070480712672,172,0
