x,y,ra,rb,theta,brightness,blur
293,365,9,8,1.9896753472735356,230,1
206,21,24,20,0.5235987755982988,149,3
195,52,18,12,4.886921905584122,234,3
379,109,21,12,4.764748857944519,221,2
