x,y,ra,rb,theta,brightness,blur
398,239,15,10,3.141592653589793,92,2
396,333,14,20,1.7104226669544427,254,3
413,58,6,14,6.230825429619757,102,1
346,372,21,19,1.2740903539558606,182,2
