x,y,ra,rb,theta,brightness,blur
62,340,17,13,4.747295565424576,131,0
22,421,8,24,2.478367537831948,151,1
124,76,14,12,2.96705972839036,83,4
234,66,11,21,3.089232776029963,225,2
