x,y,ra,rb,theta,brightness,blur
263,111,10,13,3.490658503988659,246,1
265,438,13,15,5.270894341022875,72,1
180,324,11,19,0.6806784082777886,67,0
374,41,24,12,2.0943951023931953,97,4
