x,y,ra,rb,theta,brightness,blur
213,439,15,16,5.585053606381854,205,1
345,383,13,18,4.206243497306334,235,1
256,194,23,24,1.7104226669544427,77,0
181,116,9,14,3.2637657012293966,159,1
