x,y,ra,rb,theta,brightness,blur
172,183,10,18,4.9218284906240095,228,3
231,92,19,9,1.0471975511965976,151,0
261,218,15,18,4.747295565424576,59,1
197,332,11,11,5.759586531581287,134,3
165,341,18,19,1.8151424220741026,162,2
