x,y,ra,rb,theta,brightness,blur
238,276,21,19,4.71238898038469,114,4
317,450,6,7,0.6283185307179586,106,1
195,111,17,8,2.408554367752175,113,1
102,403,17,7,1.53588974175501,217,1
372,117,6,22,1.0995574287564276,172,0
