x,y,ra,rb,theta,brightness,blur
415,61,21,15,0.890117918517108,216,3
333,65,15,15,1.3089969389957472,224,3
223,82,8,7,3.455751918948773,251,2
259,324,6,8,5.201081170943102,249,2
