x,y,ra,rb,theta,brightness,blur
389,110,15,8,2.600540585471551,88,2
79,20,11,19,0.6981317007977318,50,2
361,425,15,23,3.036872898470133,220,5
364,273,6,16,5.1661745859032155,85,1
384,182,11,10,4.607669225265029,180,1
