x,y,ra,rb,theta,brightness,blur
107,336,10,18,5.026548245743669,152,2
354,248,10,20,5.253441048502932,96,2
105,120,10,14,5.078908123303499,239,0
397,431,8,21,5.93411945678072,213,0
85,186,22,22,1.605702911834783,96,3
