x,y,ra,rb,theta,brightness,blur
324,428,6,14,4.258603374866164,174,2
429,26,24,23,3.8746309394274117,164,4
87,421,12,20,4.799655442984406,51,2
294,386,15,9,1.3788101090755203,195,2
290,39,21,16,1.2915436464758039,210,0
