x,y,ra,rb,theta,brightness,blur
260,433,10,16,3.7699111843077517,74,1
296,16,13,21,3.8571776469074686,184,0
115,380,12,7,3.368485456349056,193,2
353,434,22,21,4.328416544945937,66,1
18,129,10,18,6.161012259539983,113,1
