x,y,ra,rb,theta,brightness,blur
35,22,11,18,2.949606435870417,246,3
353,437,14,21,2.6179938779914944,103,0
200,171,15,14,2.8797932657906435,223,0
55,295,16,22,2.5132741228718345,253,5
432,366,22,24,3.9444441095071845,153,0
