x,y,ra,rb,theta,brightness,blur
55,444,16,16,5.026548245743669,160,1
197,44,15,19,5.619960191421741,139,3
