x,y,ra,rb,theta,brightness,blur
417,291,16,15,3.490658503988659,91,5
373,310,17,11,4.4156830075456535,130,0
