x,y,ra,rb,theta,brightness,blur
466,443,13,10,3.1764992386296798,216,1
36,127,7,8,5.044001538263612,118,2
