x,y,ra,rb,theta,brightness,blur
180,234,20,14,4.258603374866164,144,4
412,167,18,8,5.497787143782138,254,3
