x,y,ra,rb,theta,brightness,blur
328,51,8,13,1.064650843716541,182,0
444,60,6,21,5.846852994181004,157,2
