x,y,ra,rb,theta,brightness,blur
285,179,13,12,2.600540585471551,134,0
206,298,19,18,3.5255650890285457,151,1
374,199,11,22,0.13962634015954636,201,3
