x,y,ra,rb,theta,brightness,blur
78,252,7,22,3.9444441095071845,178,2
144,29,24,17,4.258603374866164,90,2
142,302,8,22,2.1816615649929116,144,2
