x,y,ra,rb,theta,brightness,blur
31,325,23,22,5.270894341022875,183,5
192,393,23,15,1.9896753472735356,103,4
378,58,18,7,0.41887902047863906,52,0
