x,y,ra,rb,theta,brightness,blur
393,425,14,10,2.5830872929516078,52,2
262,16,10,22,1.5533430342749532,61,3
