x,y,ra,rb,theta,brightness,blur
169,147,24,19,4.4331363000655974,123,0
461,361,17,14,2.478367537831948,118,1
342,134,17,15,2.007128639793479,111,4
