x,y,ra,rb,theta,brightness,blur
434,247,12,14,2.234021442552742,101,4
77,374,22,15,1.0471975511965976,131,1
167,443,19,24,0.5585053606381855,163,0
