x,y,ra,rb,theta,brightness,blur
132,29,14,17,0.296705972839036,207,2
228,241,13,24,6.283185307179586,206,1
140,172,22,23,1.5882496193148399,155,2
