x,y,ra,rb,theta,brightness,blur
428,354,11,15,3.455751918948773,105,0
129,98,18,16,3.4208453339088853,207,5
378,194,19,23,1.5184364492350666,103,2
