x,y,ra,rb,theta,brightness,blur
71,176,17,13,1.5009831567151235,90,4
345,252,15,18,2.548180707911721,130,1
218,80,10,8,0.7155849933176751,209,2
