x,y,ra,rb,theta,brightness,blur
257,19,23,7,0.3490658503988659,121,1
165,305,17,18,4.4331363000655974,161,1
343,206,7,11,4.9218284906240095,168,1
405,298,13,12,2.356194490192345,179,2
