x,y,ra,rb,theta,brightness,blur
38,398,19,10,0.890117918517108,105,0
338,60,8,16,0.20943951023931953,118,1
248,99,10,11,1.3962634015954636,113,3
