x,y,ra,rb,theta,brightness,blur
394,150,8,15,2.8623399732707004,220,1
131,352,21,9,0.890117918517108,150,0
428,371,22,22,3.2812189937493397,126,4
