x,y,ra,rb,theta,brightness,blur
105,422,15,11,0.017453292519943295,197,1
318,273,17,10,3.1764992386296798,72,0
44,395,8,8,0.8552113334772213,147,2
377,137,10,14,1.239183768915974,207,3
