x,y,ra,rb,theta,brightness,blur
345,376,7,22,2.199114857512855,137,1
129,278,15,13,3.141592653589793,225,4
381,240,21,23,0.12217304763960307,117,7
423,133,12,16,6.021385919380437,105,1
