x,y,ra,rb,theta,brightness,blur
287,70,23,17,0.10471975511965977,230,0
195,469,9,6,3.9269908169872414,210,2
280,291,21,16,5.061454830783556,168,0
156,236,17,9,3.7000980142279785,82,1
