x,y,ra,rb,theta,brightness,blur
389,384,11,15,2.548180707911721,189,3
195,417,21,13,0.9424777960769379,181,0
35,181,22,17,0.5759586531581287,250,5
297,383,10,23,0.7853981633974483,86,3
