x,y,ra,rb,theta,brightness,blur
270,43,8,17,0.6806784082777886,156,2
406,358,19,24,5.026548245743669,241,3
306,258,13,9,1.3089969389957472,62,2
178,389,9,19,0.9250245035569946,207,3
257,269,20,6,3.473205211468716,161,0
