x,y,ra,rb,theta,brightness,blur
70,305,7,22,1.8151424220741026,142,0
427,32,24,6,4.991641660703782,179,2
54,126,7,22,6.283185307179586,140,0
306,296,23,7,2.9845130209103035,182,0
163,130,21,6,2.7401669256310974,165,2
