x,y,ra,rb,theta,brightness,blur
395,164,20,18,6.09119908946021,145,5
92,256,16,16,3.07177948351002,121,4
103,51,7,23,0.6283185307179586,234,1
36,234,19,7,0.3839724354387525,245,1
97,184,11,13,1.780235837034216,82,0
