x,y,ra,rb,theta,brightness,blur
222,166,7,12,4.153883619746504,224,0
404,172,24,20,0.6806784082777886,136,7
209,284,22,16,5.6374134839416845,238,4
159,197,15,24,2.600540585471551,150,1
316,243,15,15,0.13962634015954636,232,1
