x,y,ra,rb,theta,brightness,blur
97,292,14,11,5.358160803622591,54,0
126,241,6,7,1.239183768915974,255,1
245,265,16,23,0.7504915783575618,237,5
210,204,14,23,0.2617993877991494,86,3
86,309,20,8,2.5830872929516078,201,2
