x,y,ra,rb,theta,brightness,blur
132,466,7,14,4.747295565424576,179,1
442,405,7,20,1.6406094968746698,220,0
436,433,15,23,2.408554367752175,139,3
225,146,13,7,3.839724354387525,181,1
174,165,16,21,5.515240436302081,122,3
