x,y,ra,rb,theta,brightness,blur
156,187,15,18,0.8377580409572781,116,1
418,374,20,23,0.7330382858376184,82,4
14,131,13,10,0.3665191429188092,104,3
466,453,6,12,1.605702911834783,64,1
368,326,22,13,0.4363323129985824,138,3
