x,y,ra,rb,theta,brightness,blur
285,67,6,23,0.7504915783575618,239,0
292,438,10,23,4.590215932745086,55,3
141,346,6,11,4.223696789826278,146,1
260,277,22,19,3.8222710618675815,100,6
427,333,12,22,2.792526803190927,62,4
