x,y,ra,rb,theta,brightness,blur
201,295,22,21,0.03490658503988659,58,6
332,32,20,7,0.767944870877505,92,1
146,12,21,7,0.9075712110370513,97,1
329,348,9,17,2.8797932657906435,243,1
194,176,7,21,1.5009831567151235,153,2
