x,y,ra,rb,theta,brightness,blur
58,191,23,12,4.886921905584122,162,4
465,218,22,7,2.600540585471551,135,2
