x,y,ra,rb,theta,brightness,blur
351,238,23,12,6.213372137099813,103,1
40,387,9,8,3.839724354387525,155,1
