x,y,ra,rb,theta,brightness,blur
122,239,14,12,5.654866776461628,193,3
360,233,10,22,4.71238898038469,170,2
