x,y,ra,rb,theta,brightness,blur
407,367,12,15,5.393067388662478,230,0
75,294,6,17,5.916666164260777,94,0
