x,y,ra,rb,theta,brightness,blur
230,345,12,14,0.9250245035569946,66,3
54,434,19,8,0.08726646259971647,194,1
