x,y,ra,rb,theta,brightness,blur
125,360,9,21,5.044001538263612,123,1
153,234,21,14,1.9722220547535922,151,1
168,149,19,21,0.9599310885968813,243,6
