x,y,ra,rb,theta,brightness,blur
84,60,15,23,5.340707511102648,250,5
300,193,18,19,1.9896753472735356,76,0
28,454,13,23,4.206243497306334,88,1
116,147,13,11,3.1764992386296798,126,2
