x,y,ra,rb,theta,brightness,blur
84,171,7,22,1.1693705988362009,199,2
163,121,22,17,0.8028514559173915,71,0
222,100,21,17,4.031710572106902,149,0
272,359,22,17,0.33161255787892263,119,5
