x,y,ra,rb,theta,brightness,blur
313,376,21,8,2.827433388230814,56,2
426,433,23,10,6.19591884457987,83,0
39,267,22,9,4.468042885105484,216,3
313,56,20,13,4.50294947014537,98,1
