x,y,ra,rb,theta,brightness,blur
453,204,11,13,1.1519173063162573,175,1
99,412,15,23,0.3839724354387525,219,3
463,359,19,9,2.8623399732707004,148,3
133,42,24,12,4.258603374866164,122,3
